"","Farmer_ID","Districts","Paddy_transplanting_date","Paddy_harvesting_date","Drought_faced","Status","days_between"
"1",16207640751,"Lakhisarai",2022-07-08,2022-12-16,1,1,161
"2",29315970671,"Lakhisarai",2022-07-10,2022-12-14,1,1,157
"3",39473021346,"Lakhisarai",2022-07-18,2022-12-17,1,1,152
"4",67903043496,"Lakhisarai",2022-08-07,2022-12-25,1,1,140
"5",79006018250,"Lakhisarai",2022-07-06,2022-11-18,1,1,135
"6",99905213548,"Lakhisarai",2022-08-11,2022-11-10,1,1,91
"7",107250153441,"Lakhisarai",2022-08-17,2022-12-09,1,1,114
"8",118340237781,"Lakhisarai",2022-08-11,2022-12-04,1,1,115
"9",136204323990,"Lakhisarai",2022-08-01,2022-12-07,1,1,128
"10",147361054929,"Lakhisarai",2022-08-10,2022-12-06,1,1,118
"11",156207658773,"Lakhisarai",2022-07-21,2023-01-02,1,1,165
"12",166206564423,"Lakhisarai",2022-07-26,2022-12-12,1,1,139
"13",178862856278,"Lakhisarai",2022-08-09,2022-12-11,1,1,124
"14",218521309913,"Lakhisarai",2022-07-23,2022-11-16,1,1,116
"15",238294223698,"Lakhisarai",2022-08-17,2022-11-13,1,1,88
"16",257250490539,"Lakhisarai",2022-08-13,2022-11-04,1,1,83
"17",269162570299,"Lakhisarai",2022-08-16,2022-12-17,1,1,123
"18",288877265066,"Lakhisarai",2022-08-01,2022-11-25,1,1,116
"19",306207317764,"Lakhisarai",2022-07-31,2022-11-21,1,1,113
"20",317366944638,"Lakhisarai",2022-08-24,2022-12-09,1,1,107
"21",359693753316,"Lakhisarai",2022-08-07,2022-12-06,1,1,121
"22",386200823908,"Buxar",2022-07-09,2022-12-09,1,1,153
"23",399504620507,"Gaya",2022-07-05,2022-11-11,1,1,129
"24",409955813114,"Gaya",2022-07-08,2022-11-18,1,1,133
"25",419128669192,"Gaya",2022-07-13,2022-11-07,1,1,117
"26",429771252279,"Gaya",2022-07-10,2022-12-17,1,1,160
"27",439939617359,"Gaya",2022-07-08,2022-12-10,1,1,155
"28",449097273145,"Buxar",2022-07-10,2022-12-15,1,1,158
"29",459939910503,"Buxar",2022-07-12,2022-12-03,1,1,144
"30",467667691272,"Buxar",2022-07-14,2022-12-10,1,1,149
"31",499199456288,"Buxar",2022-08-01,2022-12-11,0,1,132
"32",518252365800,"Buxar",2022-07-03,2022-11-21,0,1,141
"33",529955566153,"Banka",2022-08-13,2022-10-25,1,1,73
"34",539905676834,"Banka",2022-08-17,2022-10-26,1,1,70
"35",569871602257,"Banka",2022-08-16,2022-11-13,1,1,89
"36",596201094007,"Banka",2022-08-09,2022-11-27,1,1,110
"37",609631934611,"Banka",2022-08-10,2022-11-10,1,1,92
"38",626204887132,"Banka",2022-08-11,2022-11-03,1,1,84
"39",676205606248,"Rohtas",2022-07-11,2023-01-05,0,1,178
"40",689199080876,"Rohtas",2022-07-10,2022-12-26,0,1,169
"41",699798892110,"Rohtas",2022-07-13,2022-12-21,0,1,161
"42",718709646390,"Rohtas",2022-07-12,2022-12-04,0,1,145
"43",728210975023,"Rohtas",2022-07-12,2022-12-25,0,1,166
"44",739546391013,"Rohtas",2022-07-08,2022-11-04,0,1,119
"45",749199185627,"Rohtas",2022-07-11,2022-11-17,0,1,129
"46",759973197505,"Rohtas",2022-07-09,2022-12-17,0,1,161
"47",769771366096,"Rohtas",2022-07-12,2022-12-07,0,1,148
"48",779065524699,"Rohtas",2022-07-13,2022-12-03,0,1,143
"49",788521409439,"Rohtas",2022-08-02,2022-12-28,0,1,148
"50",799661223276,"Rohtas",2022-07-30,2022-11-22,0,1,115
"51",827479911021,"Rohtas",2022-07-09,2022-12-18,0,1,162
"52",839576237612,"Rohtas",2022-07-09,2022-12-21,0,1,165
"53",846204178030,"Gaya",2022-07-21,2022-11-12,1,1,114
"54",857277377238,"Gaya",2022-07-03,2022-12-06,1,1,156
"55",878084763403,"Gaya",2022-07-18,2023-01-01,1,1,167
"56",889939014482,"Gaya",2022-07-16,2022-12-09,1,1,146
"57",898757854371,"Gaya",2022-07-13,2022-12-01,1,1,141
"58",909102843386,"Gaya",2022-07-14,2022-11-09,1,1,118
"59",919771920283,"Gaya",2022-07-19,2022-12-06,1,1,140
"60",937992388795,"Buxar",2022-07-08,2022-11-30,0,1,145
"61",947764992172,"Buxar",2022-07-05,2022-11-12,0,1,130
"62",968521674081,"Buxar",2022-07-01,2022-11-28,0,1,150
"63",976207243817,"Buxar",2022-07-06,2022-12-02,0,1,149
"64",999801088398,"Vaishali",2022-07-15,2022-11-21,1,1,129
"65",1007739000861,"Buxar",2022-07-10,2022-11-27,0,1,140
"66",1027544064073,"Buxar",2022-07-30,2022-11-17,0,1,110
"67",1057484958867,"Rohtas",2022-08-02,2022-12-02,0,1,122
"68",1078292501544,"Rohtas",2022-08-03,2022-11-15,0,1,104
"69",1089939657082,"Rohtas",2022-08-07,2022-12-03,0,1,118
"70",1098002688709,"Buxar",2022-07-16,2022-12-06,0,1,143
"71",1109102791827,"Vaishali",2022-07-08,2022-10-10,1,1,94
"72",1119304130537,"Buxar",2022-07-17,2022-12-22,1,1,158
"73",1127488287803,"Buxar",2022-08-15,2022-12-02,1,1,109
"74",1137488360724,"Buxar",2022-07-17,2022-11-25,1,1,131
"75",1179955800265,"Buxar",2022-07-13,2022-12-08,0,1,148
"76",1189128317652,"Buxar",2022-07-16,2022-12-04,0,1,141
"77",1199708051210,"Buxar",2022-07-02,2022-12-16,0,1,167
"78",1207254825621,"Vaishali",2022-07-19,2022-11-08,1,1,112
"79",1219431027350,"Vaishali",2022-07-18,2022-11-27,1,1,132
"80",1226202038478,"Buxar",2022-07-09,2022-12-01,0,1,145
"81",1239973190653,"Buxar",2022-07-18,2022-11-29,0,1,134
"82",1247761908735,"Buxar",2022-07-16,2022-12-02,0,1,139
"83",1259939474529,"Buxar",2022-07-14,2022-11-13,0,1,122
"84",1277763056389,"Buxar",2022-07-10,2022-11-23,0,1,136
"85",1298271397972,"Banka",2022-08-10,2022-11-20,1,1,102
"86",1308084761941,"Banka",2022-08-07,2022-11-16,1,1,101
"87",1316204173978,"Banka",2022-08-10,2022-11-11,1,1,93
"88",1339006191042,"Banka",2022-08-03,2022-12-27,1,1,146
"89",1348102056253,"Banka",2022-08-12,2022-11-21,1,1,101
"90",1358877429324,"Banka",2022-08-02,2022-11-07,1,1,97
"91",1368252912246,"Banka",2022-08-01,2022-11-09,1,1,100
"92",1378210015813,"Banka",2022-08-19,2022-12-01,1,1,104
"93",1387217752054,"Banka",2022-08-05,2022-12-08,1,1,125
"94",1397903747796,"Banka",2022-08-12,2022-11-08,1,1,88
"95",1419939860302,"Banka",2022-08-02,2022-11-27,1,1,117
"96",1449504336387,"Rohtas",2022-07-31,2022-12-04,0,1,126
"97",1459631716862,"Rohtas",2022-07-24,2022-12-01,0,1,130
"98",1469801285286,"Rohtas",2022-07-28,2022-12-29,0,1,154
"99",1476204730956,"Rohtas",2022-08-05,2022-11-28,0,1,115
"100",1487050170221,"Buxar",2022-07-03,2022-11-28,0,1,148
"101",1499661548394,"Buxar",2022-07-14,2022-11-27,0,1,136
"102",1507488107205,"Buxar",2022-07-09,2022-12-16,0,1,160
"103",1516203377808,"Buxar",2022-07-17,2022-11-26,0,1,132
"104",1539931700673,"Buxar",2022-07-15,2022-12-04,0,1,142
"105",1548521992716,"Buxar",2022-07-15,2022-11-21,0,1,129
"106",1558709723377,"Buxar",2022-07-20,2022-11-25,0,1,128
"107",1579162350294,"Buxar",2022-07-02,2022-11-27,0,1,148
"108",1597782022054,"Buxar",2022-07-05,2022-12-02,0,1,150
"109",1609934620239,"Buxar",2022-07-03,2022-12-07,1,1,157
"110",1637970344380,"Buxar",2022-07-14,2022-12-16,0,1,155
"111",1649801446466,"Buxar",2022-07-12,2022-11-29,0,1,140
"112",1657321896910,"Rohtas",2022-07-13,2022-11-27,0,1,137
"113",1669631268733,"Rohtas",2022-07-16,2022-11-21,0,1,128
"114",1679123407554,"Rohtas",2022-07-26,2022-12-23,0,1,150
"115",1709304192149,"Rohtas",2022-07-18,2022-11-28,0,1,133
"116",1718789258815,"Rohtas",2022-07-22,2022-11-07,0,1,108
"117",1729801552218,"Banka",2022-08-27,2022-11-09,0,1,74
"118",1739472524724,"Banka",2022-08-25,2022-11-06,1,1,73
"119",1759431284450,"Banka",2022-08-29,2022-12-19,1,1,112
"120",1767667908310,"Banka",2022-08-17,2022-11-09,1,1,84
"121",1818294186224,"Buxar",2022-07-12,2022-12-05,0,1,146
"122",1829576560178,"Buxar",2022-07-28,2022-12-08,0,1,133
"123",1839006725735,"Rohtas",2022-07-12,2022-11-08,0,1,119
"124",1868521671227,"Rohtas",2022-07-16,2022-12-25,0,1,162
"125",1878809068988,"Rohtas",2022-07-26,2022-11-26,0,1,123
"126",1887488127960,"Rohtas",2022-07-20,2022-12-02,0,1,135
"127",1899572351731,"WestChamparan",2022-06-26,2022-10-20,1,1,116
"128",1909955112424,"WestChamparan",2022-06-26,2022-11-18,1,1,145
"129",1919162063309,"WestChamparan",2022-07-05,2022-11-07,1,1,125
"130",1927091258229,"WestChamparan",2022-06-23,2022-10-25,1,1,124
"131",1937368864475,"WestChamparan",2022-07-01,2022-11-21,1,1,143
"132",1947759997412,"WestChamparan",2022-06-30,2022-10-11,1,1,103
"133",1959939108870,"WestChamparan",2022-06-25,2022-10-17,1,1,114
"134",1968521679182,"WestChamparan",2022-07-03,2022-11-04,1,1,124
"135",1978757327116,"WestChamparan",2022-07-05,2022-11-06,1,1,124
"136",1987070524498,"WestChamparan",2022-06-24,2022-11-11,1,1,140
"137",1999304011790,"WestChamparan",2022-07-14,2022-11-01,1,1,110
"138",2008521188006,"WestChamparan",2022-07-04,2022-10-14,1,1,102
"139",2016205957383,"WestChamparan",2022-07-05,2022-11-10,1,1,128
"140",2038969732511,"Rohtas",2022-07-12,2022-12-27,0,1,168
"141",2047488334317,"Arah",2022-07-11,2022-11-05,0,1,117
"142",2057004057218,"Arah",2022-07-10,2022-11-19,0,1,132
"143",2068271460532,"Arah",2022-07-02,2022-12-17,0,1,168
"144",2077667627898,"Arah",2022-07-06,2022-11-22,0,1,139
"145",2098210948414,"WestChamparan",2022-07-06,2022-10-17,1,1,103
"146",2117220875415,"WestChamparan",2022-07-06,2022-11-17,1,1,134
"147",2129661734302,"WestChamparan",2022-07-10,2022-11-07,1,1,120
"148",2136200856729,"WestChamparan",2022-07-01,2022-10-28,1,1,119
"149",2148521180687,"WestChamparan",2022-07-11,2022-11-13,1,1,125
"150",2168235799782,"WestChamparan",2022-07-24,2022-11-06,1,1,105
"151",2187493004736,"Arah",2022-07-04,2022-11-18,0,1,137
"152",2198409740870,"Arah",2022-07-13,2022-10-23,0,1,102
"153",2209507429522,"EastChamparan",2022-07-10,2022-11-10,1,1,123
"154",2219304216719,"WestChamparan",2022-06-30,2022-10-22,1,1,114
"155",2226204864752,"WestChamparan",2022-06-25,2022-11-13,1,1,141
"156",2237870604108,"WestChamparan",2022-06-25,2022-11-09,1,1,137
"157",2249162589405,"WestChamparan",2022-07-17,2022-10-21,1,1,96
"158",2277765986857,"Banka",2022-08-02,2022-12-18,1,1,138
"159",2287979972602,"Banka",2022-08-16,2022-11-28,0,1,104
"160",2308002961349,"Banka",2022-08-09,2022-12-27,0,1,140
"161",2319262256639,"Banka",2022-08-15,2022-12-21,1,1,128
"162",2329576256859,"EastChamparan",2022-07-08,2022-11-07,1,1,122
"163",2337250743716,"EastChamparan",2022-07-18,2022-10-19,1,1,93
"164",2358757864179,"EastChamparan",2022-06-22,2022-11-19,1,1,150
"165",2379117410266,"Samastipur",2022-07-01,2022-11-08,1,1,130
"166",2407479906601,"Buxar",2022-07-13,2022-12-04,0,1,144
"167",2467294911239,"Buxar",2022-07-03,2022-12-18,0,1,168
"168",2477091375527,"Buxar",2022-07-10,2022-12-02,0,1,145
"169",2489472621991,"Buxar",2022-07-12,2022-12-12,0,1,153
"170",2499113402565,"Buxar",2022-07-03,2022-12-26,0,1,176
"171",2517250874673,"Buxar",2022-07-19,2022-12-18,0,1,152
"172",2529709500414,"Samastipur",2022-06-26,2022-10-19,1,1,115
"173",2539525853364,"Samastipur",2022-07-11,2022-10-29,1,1,110
"174",2548789547705,"EastChamparan",2022-07-06,2022-11-10,1,1,127
"175",2559006486673,"EastChamparan",2022-07-05,2022-10-29,1,1,116
"176",2587633028469,"EastChamparan",2022-07-10,2022-11-01,1,1,114
"177",2599456801664,"EastChamparan",2022-07-09,2022-10-17,1,1,100
"178",2609079259460,"EastChamparan",2022-08-13,2022-12-06,1,1,115
"179",2618757848679,"EastChamparan",2022-08-14,2022-11-29,1,1,107
"180",2629525211651,"EastChamparan",2022-07-10,2022-11-23,1,1,136
"181",2637488159326,"EastChamparan",2022-07-10,2022-12-30,1,1,173
"182",2646287031015,"EastChamparan",2022-07-10,2022-11-10,1,1,123
"183",2677348850139,"EastChamparan",2022-07-03,2022-11-08,1,1,128
"184",2689162515444,"EastChamparan",2022-07-30,2022-12-04,1,1,127
"185",2698298989681,"EastChamparan",2022-06-26,2022-11-02,1,1,129
"186",2707404902534,"EastChamparan",2022-07-26,2022-11-10,1,1,107
"187",2719006689880,"EastChamparan",2022-07-13,2022-11-11,1,1,121
"188",2729304446193,"EastChamparan",2022-07-10,2022-11-15,1,1,128
"189",2739955054509,"EastChamparan",2022-07-31,2022-11-17,1,1,109
"190",2749934742139,"EastChamparan",2022-07-18,2022-10-17,1,1,91
"191",2779199038208,"EastChamparan",2022-07-28,2022-11-02,0,1,97
"192",2789931778491,"EastChamparan",2022-07-31,2022-11-18,1,1,110
"193",2799974132205,"EastChamparan",2022-07-20,2022-11-01,1,1,104
"194",2808873034006,"EastChamparan",2022-07-31,2022-11-15,0,1,107
"195",2819546478167,"EastChamparan",2022-07-28,2022-12-06,0,1,131
"196",2827654849592,"EastChamparan",2022-07-16,2022-11-08,1,1,115
"197",2839523389039,"EastChamparan",2022-07-11,2022-10-27,0,1,108
"198",2849708516474,"EastChamparan",2022-07-18,2022-10-01,0,1,75
"199",2859999999999,"EastChamparan",2022-07-19,2022-10-25,1,1,98
"200",2876209375055,"EastChamparan",2022-07-30,2022-11-21,1,1,114
"201",2889142395072,"EastChamparan",2022-07-21,2022-11-26,1,1,128
"202",2908092630623,"EastChamparan",2022-07-03,2022-11-11,1,1,131
"203",2916201094358,"EastChamparan",2022-07-06,2022-11-03,1,1,120
"204",2929997066319,"EastChamparan",2022-07-01,2022-11-11,1,1,133
"205",2939887044526,"EastChamparan",2022-07-17,2022-11-05,1,1,111
"206",2946203498923,"EastChamparan",2022-07-01,2022-11-15,1,1,137
"207",2979199336971,"EastChamparan",2022-07-13,2022-11-11,1,1,121
"208",2988521083270,"EastChamparan",2022-07-12,2022-10-19,1,1,99
"209",2997562092769,"EastChamparan",2022-07-02,2022-10-20,1,1,110
"210",3019910255912,"EastChamparan",2022-07-13,2022-10-16,1,1,95
"211",3039934152372,"Buxar",2022-07-26,2022-12-05,0,1,132
"212",3067352998917,"Buxar",2022-07-13,2022-12-11,0,1,151
"213",3097079106628,"Buxar",2022-07-26,2022-12-04,0,1,131
"214",3119971599152,"EastChamparan",2022-06-25,2022-11-03,1,1,131
"215",3129771178951,"Buxar",2022-07-18,2022-12-18,1,1,153
"216",3136202858225,"Buxar",2022-07-11,2022-12-02,1,1,144
"217",3149430264347,"Buxar",2022-07-13,2022-11-26,1,1,136
"218",3157070806235,"Buxar",2022-07-13,2022-11-17,1,1,127
"219",3169676971052,"Buxar",2022-07-11,2022-12-03,0,1,145
"220",3179155386462,"Buxar",2022-08-05,2022-12-06,0,1,123
"221",3198651185521,"Arah",2022-07-01,2022-11-30,0,1,152
"222",3209006458925,"Arah",2022-07-18,2022-12-18,0,1,153
"223",3226201114804,"Arah",2022-07-14,2023-01-02,0,1,172
"224",3237976511147,"Arah",2022-07-16,2022-12-23,0,1,160
"225",3268002223588,"Arah",2022-07-24,2022-12-29,0,1,158
"226",3278936838238,"Arah",2022-07-31,2022-12-22,0,1,144
"227",3289534138619,"Arah",2022-07-31,2023-01-04,0,1,157
"228",3298529881482,"Arah",2022-07-28,2022-11-19,0,1,114
"229",3308434784574,"Arah",2022-07-23,2022-12-21,0,1,151
"230",3319155616112,"Arah",2022-07-25,2022-11-17,0,1,115
"231",3339905397514,"Gaya",2022-07-26,2022-12-16,1,1,143
"232",3359939389839,"Gaya",2022-08-04,2022-10-23,1,1,80
"233",3369931523099,"Gaya",2022-08-01,2022-10-12,1,1,72
"234",3379631326640,"Gaya",2022-08-01,2022-11-08,1,1,99
"235",3389871057872,"Gaya",2022-07-31,2022-12-17,1,1,139
"236",3398826489536,"Gaya",2022-08-07,2022-11-12,1,1,97
"237",3408271165815,"Arah",2022-07-18,2022-12-26,0,1,161
"238",3417070119343,"Arah",2022-07-18,2022-12-11,0,1,146
"239",3447070939219,"Arah",2022-07-09,2022-11-21,0,1,135
"240",3457644023184,"Arah",2022-07-29,2022-12-18,0,1,142
"241",3489570793734,"Arah",2022-07-13,2022-11-27,0,1,137
"242",3507292997604,"Arah",2022-07-20,2022-11-28,0,1,131
"243",3517416285032,"Arah",2022-07-20,2022-12-06,0,1,139
"244",3549934417583,"Banka",2022-08-20,2022-11-01,1,1,73
"245",3559199339495,"Vaishali",2022-07-17,2022-11-03,1,1,109
"246",3569006760213,"Vaishali",2022-07-18,2022-10-20,1,1,94
"247",3576203647430,"Vaishali",2022-07-15,2022-11-15,1,1,123
"248",3619939263164,"Vaishali",2022-07-13,2022-10-16,1,1,95
"249",3636203819420,"Samastipur",2022-07-02,2022-10-23,1,1,113
"250",3689905800725,"Madhepura",2022-07-08,2022-12-06,1,1,151
"251",3708002768529,"Madhepura",2022-07-03,2022-11-03,1,1,123
"252",3729162218552,"Madhepura",2022-07-11,2022-10-16,1,1,97
"253",3747070747877,"Madhepura",2022-07-29,2022-11-19,1,1,113
"254",3789570296898,"Madhepura",2022-07-13,2022-12-27,1,1,167
"255",3807763016684,"Madhepura",2022-07-18,2022-10-27,1,1,101
"256",3819523842310,"Madhepura",2022-07-11,2022-11-01,1,1,113
"257",3828084324061,"Vaishali",2022-07-14,2022-11-05,1,1,114
"258",3839608593049,"Vaishali",2022-07-08,2022-11-21,1,1,136
"259",3847739436158,"Vaishali",2022-07-16,2022-11-29,1,1,136
"260",3858757979833,"Vaishali",2022-07-17,2022-11-02,1,1,108
"261",3869934647396,"Vaishali",2022-07-19,2022-11-03,1,1,107
"262",3879162663953,"Vaishali",2022-07-20,2022-11-17,1,1,120
"263",3887033337081,"Vaishali",2022-07-14,2022-11-27,1,1,136
"264",3907739436475,"Samastipur",2022-07-15,2022-12-03,1,1,141
"265",3927277976260,"Gaya",2022-07-23,2022-12-14,1,1,144
"266",3938709053842,"Gaya",2022-07-29,2022-11-23,1,1,117
"267",3958051200471,"Gaya",2022-08-01,2022-11-11,1,1,102
"268",3969693914453,"Gaya",2022-08-03,2022-12-14,1,1,133
"269",3988298403855,"Samastipur",2022-07-29,2022-11-19,1,1,113
"270",3997562892756,"Samastipur",2022-07-06,2022-10-18,1,1,104
"271",4006201099824,"Samastipur",2022-07-26,2022-10-15,1,1,81
"272",4057870239256,"Gaya",2022-07-25,2022-10-27,1,1,94
"273",4066299406559,"Gaya",2022-08-13,2022-12-06,1,1,115
"274",4079507781560,"Gaya",2022-08-07,2022-12-05,1,1,120
"275",4088757433322,"Vaishali",2022-07-15,2022-10-20,1,1,97
"276",4097485038909,"Vaishali",2022-07-14,2022-10-31,1,1,109
"277",4109631965684,"Vaishali",2022-07-15,2022-11-06,1,1,114
"278",4119931665281,"Vaishali",2022-07-10,2022-10-17,1,1,99
"279",4129546803596,"Vaishali",2022-07-11,2022-10-31,1,1,112
"280",4157667362397,"Arah",2022-07-14,2022-12-06,0,1,145
"281",4167759978537,"Arah",2022-07-17,2022-11-28,0,1,134
"282",4178804353346,"Arah",2022-07-24,2022-12-23,0,1,152
"283",4198709919657,"Arah",2022-07-17,2023-01-03,0,1,170
"284",4209708046902,"Arah",2022-07-14,2022-11-26,0,1,135
"285",4218434629070,"Arah",2022-07-18,2022-11-24,0,1,129
"286",4228969308668,"Madhepura",2022-07-26,2022-10-26,1,1,92
"287",4278051742782,"Madhepura",2022-07-15,2022-11-06,1,1,114
"288",4287546827327,"Madhepura",2022-07-16,2022-11-28,1,1,135
"289",4309973694955,"Madhepura",2022-07-15,2022-10-29,1,1,106
"290",4349934257226,"Samastipur",2022-07-13,2022-10-21,1,1,100
"291",4359431208556,"Samastipur",2022-07-20,2022-11-14,1,1,117
"292",4389939962867,"Samastipur",2022-07-13,2022-11-03,1,1,113
"293",4397852052407,"Samastipur",2022-07-16,2022-12-25,1,1,162
"294",4408084379292,"Samastipur",2022-07-08,2022-11-08,1,1,123
"295",4439934885367,"Samastipur",2022-07-22,2022-10-15,1,1,85
"296",4449006612872,"Samastipur",2022-07-26,2022-11-08,1,1,105
"297",4487488923093,"Vaishali",2022-07-11,2022-11-17,1,1,129
"298",4519060237692,"Vaishali",2022-07-05,2022-11-03,1,1,121
"299",4558102823263,"Gaya",2022-07-28,2022-11-30,1,1,125
"300",4568102992694,"Gaya",2022-07-26,2022-12-12,1,1,139
"301",4579801669840,"Gaya",2022-08-04,2022-12-07,1,1,125
"302",4586206224216,"Gaya",2022-08-01,2022-11-28,1,1,119
"303",4608294335245,"Gaya",2022-08-03,2022-11-13,1,1,102
"304",4617004266906,"Gaya",2022-07-26,2022-11-27,1,1,124
"305",4629350372450,"Madhepura",2022-07-21,2022-12-07,1,1,139
"306",4647367858335,"Madhepura",2022-07-24,2022-11-03,1,1,102
"307",4669102399367,"Madhepura",2022-07-11,2022-11-11,1,1,123
"308",4689264164368,"Vaishali",2022-07-26,2022-11-05,1,1,102
"309",4706200019325,"Vaishali",2022-07-26,2022-10-20,1,1,86
"310",4717004288176,"Vaishali",2022-07-26,2022-11-14,1,1,111
"311",4739162778478,"Vaishali",2022-07-17,2022-11-04,1,1,110
"312",4747050416218,"Vaishali",2022-07-16,2022-10-20,1,1,96
"313",4777352471848,"Arah",2022-07-13,2022-11-22,0,1,132
"314",4809304975722,"Arah",2022-07-16,2022-11-30,0,1,137
"315",4819576900136,"Arah",2022-07-12,2022-12-09,0,1,150
"316",4847319663644,"Arah",2022-07-11,2022-11-23,0,1,135
"317",4867091950783,"Arah",2022-07-09,2022-12-10,0,1,154
"318",4878986004228,"Arah",2022-07-19,2022-11-27,0,1,131
"319",4897762025347,"Samastipur",2022-07-10,2022-11-14,1,1,127
"320",4919006832152,"Samastipur",2022-07-22,2022-11-05,1,1,106
"321",4929199243398,"Samastipur",2022-07-20,2022-10-16,1,1,88
"322",4937667204375,"Samastipur",2022-07-24,2022-11-22,1,1,121
"323",4957481874366,"Samastipur",2022-07-26,2022-11-08,1,1,105
"324",4988073465919,"Lakhisarai",2022-08-14,2022-12-03,1,1,111
"325",4997000484428,"Lakhisarai",2022-08-05,2022-12-03,1,1,120
"326",5009162081131,"Buxar",2022-07-09,2022-11-29,1,1,143
"327",5019931231652,"Buxar",2022-07-11,2022-12-28,1,1,170
"328",5029631143850,"Buxar",2022-07-08,2022-12-01,1,1,146
"329",5038084777858,"Buxar",2022-07-12,2022-12-07,1,1,148
"330",5059771101269,"Madhepura",2022-07-08,2022-11-02,1,1,117
"331",5068298349316,"Madhepura",2022-07-15,2022-11-20,1,1,128
"332",5077281037095,"Madhepura",2022-07-28,2022-11-14,1,1,109
"333",5089708279239,"Madhepura",2022-07-28,2022-11-12,1,1,107
"334",5099570495925,"Madhepura",2022-07-10,2022-10-27,1,1,109
"335",5109709986615,"Madhepura",2022-07-14,2022-11-20,1,1,129
"336",5119631292704,"Vaishali",2022-08-09,2022-11-07,1,1,90
"337",5159128035338,"Samastipur",2022-06-27,2022-10-25,1,1,120
"338",5169182834656,"Samastipur",2022-06-29,2022-11-02,1,1,126
"339",5179934469871,"Samastipur",2022-07-02,2022-10-31,1,1,121
